create database imoveis;
use imoveis;

CREATE TABLE estado(
sgEstado CHAR(2) NOT NULL PRIMARY KEY,
nmEstado VARCHAR(50) NOT NULL
);

CREATE TABLE cidade(
cdCidade INT NOT NULL PRIMARY KEY,
nmCidade VARCHAR(50) NOT NULL,
sgEstado CHAR(2) NOT NULL,
FOREIGN KEY (sgEstado) REFERENCES estado (sgEstado)
);

CREATE TABLE bairro(
cdBairro INT NOT NULL PRIMARY KEY,
nmBairro VARCHAR(100) NOT NULL,
sgEstado CHAR(2) NOT NULL,
cdCidade INT NOT NULL,
FOREIGN KEY (cdCidade) REFERENCES cidade (cdCidade),
FOREIGN KEY (sgEstado) REFERENCES estado (sgEstado)
);

CREATE TABLE vendedor(
cdVendedor INT NOT NULL PRIMARY KEY,
nmVendedor VARCHAR(50) NOT NULL,
nmEndereco VARCHAR(50) NOT NULL,
nrCpf NUMERIC(11,0) NOT NULL,
dataNasc DATE NOT NULL,
telefone NUMERIC(11,0) NOT NULL,
sgEstado CHAR(2) NOT NULL,
cdCidade INT NOT NULL,
cdBairro INT NOT NULL,
FOREIGN KEY (sgEstado) REFERENCES estado (sgEstado),
FOREIGN KEY (cdCidade) REFERENCES cidade (cdCidade),
FOREIGN KEY (cdBairro) REFERENCES bairro (cdBairro)
);

CREATE TABLE compradores(
cdComprador INT NOT NULL PRIMARY KEY,
nmComprador VARCHAR(50) NOT NULL,
nmEnderecoComprador VARCHAR(50) NOT NULL,
nrCpfComprador NUMERIC(11,0) NOT NULL,
telComprador NUMERIC(11,0) NOT NULL,
sgEstado CHAR(2) NOT NULL,
cdCidade INT NOT NULL,
cdBairro INT NOT NULL,
FOREIGN KEY (sgEstado) REFERENCES estado (sgEstado),
FOREIGN KEY (cdCidade) REFERENCES cidade (cdCidade),
FOREIGN KEY (cdBairro) REFERENCES bairro (cdBairro)
);

CREATE TABLE faixaimovel(
cdFaixa INT NOT NULL PRIMARY KEY,
nmFaixa VARCHAR(50) NOT NULL,
vlMinimo DECIMAL(9,2) NOT NULL,
vlMaximo DECIMAL(9,2) NOT NULL
);
 
CREATE TABLE imovel(
cdImovel INT NOT NULL PRIMARY KEY,
nmEndereco VARCHAR(50) NOT NULL,
nrAreaUtil NUMERIC(6,2) NOT NULL,
nrAreaTotal NUMERIC(7,2) NOT NULL,
vlPreco DECIMAL(11,2) NOT NULL,
stVendido BOOLEAN NOT NULL,
dtLancto DATE NOT NULL,
cdOferta INT NULL,
cdVendedor INT NOT NULL,
cdCidade INT NOT NULL,
cdBairro INT NOT NULL,
sgEstado CHAR(2) NOT NULL,
FOREIGN KEY (cdVendedor) REFERENCES vendedor (cdVendedor),
FOREIGN KEY (cdCidade) REFERENCES cidade (cdCidade),
FOREIGN KEY (cdBairro) REFERENCES bairro (cdBairro),
FOREIGN KEY (sgEstado) REFERENCES estado (sgEstado)
);

CREATE TABLE oferta (
 cdOferta INT NOT NULL PRIMARY KEY,
 vlOferta NUMERIC (9,2),
 dtOferta DATE NOT NULL,
 cdComprador INT NOT NULL,
 cdImovel INT NOT NULL,
 FOREIGN KEY (cdComprador) REFERENCES compradores (cdComprador),
FOREIGN KEY (cdImovel) REFERENCES imovel (cdImovel)
 );

ALTER TABLE imovel
ADD FOREIGN KEY (cdOferta) REFERENCES oferta (cdOferta);

INSERT INTO estado
VALUES ('AC','Acre'),
('AL','Alagoas'),
('AP','Amapá'),
('AM','Amazonas'),
('BA','Bahia'),
('CE','Ceará'),
('DF','Distrito Federal'),
('ES','Espírito Santo'),
('GO','Goiás'),
('MA','Maranhão'),
('MT','Mato Grosso'),
('MS','Mato Grosso do Sul'),
('MG','Minas Gerais'),
('PA','Pará'),
('PB','Paraíba'),
('PR','Paraná'),
('PE','Pernambuco'),
('PI','Piauí'),
('RJ','Rio de Janeiro'),
('RN','Rio Grande do Norte'),
('RS','Rio Grande do Sul'),
('RO','Rondônia'),
('RR','Roraima'),
('SC','Santa Catarina'),
('SP','São Paulo'),
('SE','Sergipe'),
('TO','Tocantins');

INSERT INTO cidade
VALUES (1, 'Rio Branco','AC'),
(2, 'Cruzeiro do Sul','AC'),
(3, 'Sena Madureira','AC'),
(4, 'Maceió','AL'),
(5, 'Arapiraca','AL'),
(6, 'Palmeira dos Índios','AL'),
(7, 'Macapá','AP'),
(8, 'Santana','AP'),
(9, 'Laranjal do Jari','AP'),
(10, 'Manaus','AM'),
(11, 'Parintins','AM'),
(12, 'Itacoatiara','AM'),
(13, 'Salvador','BA'),
(14, 'Feira de Santana','BA'),
(15, 'Vitória da Conquista','BA'),
(16, 'Fortaleza','CE'),
(17, 'Caucaia','CE'),
(18, 'Sobral','CE'),
(19, 'Brasília','DF'),
(20, 'Taguatinga','DF'),
(21, 'Ceilândia','DF'),
(22, 'Vitória','ES'),
(23, 'Vila Velha','ES'),
(24, 'Serra','ES'),
(25, 'Goiânia','GO'),
(26, 'Aparecida de Goiânia','GO'),
(27, 'Anápolis','GO'),
(28, 'São Luís','MA'),
(29, 'Imperatriz','MA'),
(30, 'Timon','MA'),
(31, 'Cuiabá','MT'),
(32, 'Várzea Grande','MT'),
(33, 'Rondonópolis','MT'),
(34, 'Campo Grande','MS'),
(35, 'Dourados','MS'),
(36, 'Três Lagoas','MS'),
(37, 'Belo Horizonte','MG'),
(38, 'Uberlândia','MG'),
(39, 'Contagem','MG'),
(40, 'Belém','PA'),
(41, 'Ananindeua','PA'),
(42, 'Santarém','PA'),
(43, 'João Pessoa','PB'),
(44, 'Campina Grande','PB'),
(45, 'Santa Rita','PB'),
(46, 'Curitiba','PR'),
(47, 'Londrina','PR'),
(48, 'Maringá','PR'),
(49, 'Recife','PE'),
(50, 'Olinda','PE'),
(51, 'Jaboatão dos Guararapes','PE'),
(52, 'Teresina','PI'),
(53, 'Parnaíba','PI'),
(54, 'Floriano','PI'),
(55, 'Rio de Janeiro','RJ'),
(56, 'Niterói','RJ'),
(57, 'São Gonçalo','RJ'),
(58, 'Natal','RN'),
(59, 'Mossoró','RN'),
(60, 'Parnamirim','RN'),
(61, 'Porto Alegre','RS'),
(62, 'Caxias do Sul','RS'),
(63, 'Pelotas','RS'),
(64, 'Porto Velho','RO'),
(65, 'Ji-Paraná','RO'),
(66, 'Ariquemes','RO'),
(67, 'Boa Vista','RR'),
(68, 'Rorainópolis','RR'),
(69, 'Caracaraí','RR'),
(70, 'Florianópolis','SC'),
(71, 'Joinville','SC'),
(72, 'Blumenau','SC'),
(73, 'São Paulo','SP'),
(74, 'Campinas','SP'),
(75, 'Sorocaba','SP'),
(76, 'Aracaju','SE'),
(77, 'Nossa Senhora do Socorro','SE'),
(78, 'Itabaiana','SE'),
(79, 'Palmas','TO'),
(80, 'Araguaína','TO'),
(81, 'Gurupi','TO');

INSERT INTO bairro (cdBairro,nmBairro,cdCidade,sgEstado)
VALUES (1, 'Bosque', 1, 'AC'),
(2, 'Cadeia Velha', 1, 'AC'),
(3, 'Tiro ao Alvo', 2, 'AC'),
(4, 'Gia', 2, 'AC'),
(5, 'Belo Jardim', 3, 'AC'),
(6, 'Vitória', 3, 'AC'),
(7, 'Ponta Verde', 4, 'AL'),
(8, 'Pajuçara', 4, 'AL'),
(9, 'Canafístula', 5, 'AL'),
(10, 'Alto do Cruzeiro', 5, 'AL'),
(11, 'São Francisco', 6, 'AL'),
(12, 'Caldeirões de Cima', 6, 'AL'),
(13, 'Alvorada', 7, 'AP'),
(14, 'Laguinho', 7, 'AP'),
(15, 'Nova Brasília', 8, 'AP'),
(16, 'Provedor', 8, 'AP'),
(17, 'Sagrado Coração de Jesus', 9, 'AP'),
(18, 'Santarém', 9, 'AP'),
(19, 'Vila Buriti', 10, 'AM'),
(20, 'Adrianópolis', 10, 'AM'),
(21, 'Santa Clara', 11, 'AM'),
(22, 'Francesa', 11, 'AM'),
(23, 'Santo Antônio', 12, 'AM'),
(24, 'Iracy', 12, 'AM'),
(25, 'Pelourinho', 13, 'BA'),
(26, 'Rio Vermelho', 13, 'BA'),
(27, 'Kalilandia', 14, 'BA'),
(28, 'Jardim Acácia', 14, 'BA'),
(29, 'Zabelê', 15, 'BA'),
(30, 'Alto Maron', 15, 'BA'),
(31, 'Meireles', 16, 'CE'),
(32, 'Aldeota', 16, 'CE'),
(33, 'Cumbuco', 17, 'CE'),
(34, 'Tabuba', 17, 'CE'),
(35, 'Alto do Cristo', 18, 'CE'),
(36, 'Coração de Jesus', 18, 'CE'),
(37, 'Lago Sul', 19, 'DF'),
(38, 'Águas Claras', 19, 'DF'),
(39, 'Taguatinga Norte', 20, 'DF'),
(40, 'Taguatinga Sul', 20, 'DF'),
(41, 'Guariroba', 21, 'DF'),
(42, 'Ceilândia Norte', 21, 'DF'),
(43,'Praia do Canto',22,'ES'),
(44,'Jardim da Penha',22,'ES'),
(45,'Santa Lucia',23,'ES'),
(46,'Horto',23,'ES'),
(47,'Monte Belo',24,'ES'),
(48,'Vivendas',24,'ES'),
(49,'Setor Bueno',25,'GO'),
(50,'Jardim Goias',25,'GO'),
(51,'Jardim São José',26,'GO'),
(52,'Jardim America',26,'GO'),
(53,'Setor Jardim',27,'GO'),
(54,'Setor Ponta do Sul',27,'GO'),
(55,'Turu',28,'MA'),
(56,'João Paulo',28,'MA'),
(57,'Anil',29,'MA'),
(58,'Cohatrac',29,'MA'),
(59,'Calhau',30,'MA'),
(60,'Vila Palmeira',30,'MA'),
(61,'Carvalho',31,'MT'),
(62,'Vila Santa Dototeia',31,'MT'),
(63,'Aero Rancho',32,'MT'),
(64,'Jardim Paulista',32,'MT'),
(65,'Vila Almeida',33,'MT'),
(66,'Vila Planalto',33,'MT'),
(67,'Bela Vista',34,'MS'),
(68,'Pioneiro',34,'MS'),
(69,'São Pelegrino',35,'MS'),
(70,'Rubem Berta',35,'MS'),
(71,'Mont Serra',36,'MS'),
(72,'Partenon',36,'MS'),
(73,'Savassi',37,'MG'),
(74,'Belvedere',37,'MG'),
(75,'Santo Augustinho',38,'MG'),
(76,'Loudres',38,'MG'),
(77,'Buritis',39,'MG'),
(78,'Cidade Nova',39,'MG'),
(79, 'Campina', 40, 'PA'),
(80, 'Brasilia', 40, 'PA'),
(81, 'Cidade nova', 41, 'PA'),
(82, 'Centro', 41, 'PA'),
(83, 'Santíssimo', 42,'PA'),
(84, 'Água Negra', 42,'PA'),
(85, 'Tambiá', 43,'PB'),
(86, 'Bessa', 43, 'PB'),
(87, 'Bela vista', 44, 'PB'),
(88, 'Tiradentes', 44, 'PB'),
(89, 'Vila Cavalcante', 45, 'PB'),
(90, 'Distrito Industrial', 45, 'PB'),
(91, 'Batel', 46, 'PR'),
(92, 'Boa Vista', 46, 'PR'),
(93, 'Perobinha', 47, 'PR'),
(94, 'Jardim Parabá', 47, 'PR'),
(95, 'Vila Operaria',48, 'PR'),
(96, 'Jardim Aclamação', 48, 'PR'),
(97, 'Boa viagem', 49, 'PE'),  
(98, 'Recife Antigo', 49, 'PE'),
(99, 'Casa Caiada', 50, 'PE'), 
(100, 'Sé', 50, 'PE'),
(101, 'Praia de Candeiras', 51, 'PE'),
(102, 'Piedade', 51, 'PE'),
(103, 'Joquei', 52, 'PI'),
(104, 'Dirceu Arcoverde', 52, 'PI'),
(105, 'Fátima', 53, 'PI'),
(106, 'Planalto', 53, 'PI'),
(107, 'Macedo', 54, 'PI'),
(108, 'Ininga', 54, 'PI'),
(109, 'Copacabana', 55, 'RJ'),
(110, 'Ipanema', 55, 'RJ'),
(111, 'Icarai', 56, 'RJ'),
(112, 'São gonçalo', 56, 'RJ'),
(113, 'Jardim imbarie', 57, 'RJ'),
(114, 'Neves', 57, 'RJ'),
(115, 'Ponta Negra', 58, 'RN'),  
(116, 'Bom Pastor', 58, 'RN'),
(117, 'Abolição', 59, 'RN'), 
(118, 'Pernamirim', 59, 'RN'),
(119, 'Cidade Verde', 60, 'RN'), 
(120, 'Capim Macio', 60, 'RN'),
(121, 'Centro Histórico', 61, 'RS'),
(122, 'Moinhos de Vento', 61, 'RS'),
(123, 'Santa Fé', 62, 'RS'),
(124, 'Pioneiro', 62, 'RS'),
(125, 'Fragata', 63, 'RS'),
(126, 'Areal', 63, 'RS'),
(127, 'Jardim Eldorado', 64, 'RO'),
(128, 'São Cristóvão', 64, 'RO'),
(129, 'Jardim dos Migrantes', 65, 'RO'),
(130, 'Residencial Nova Brasília', 65, 'RO'),
(131, 'Jardim Monte Alegre', 66, 'RO'),
(132, 'Jardim Paulistano', 66, 'RO'),
(133, 'Mecejana', 67, 'RR'),
(134, 'São Vicente', 67, 'RR'),
(135, 'São José', 68, 'RR'),
(136, 'São Francisco', 68, 'RR'),
(137, 'Santa Luzia', 69, 'RR'),
(138, 'São José Operário', 69, 'RR'),
(139, 'Jurere Internacional', 70, 'SC'),
(140, 'Lagoa da Conceição', 70, 'SC'),
(141, 'Aventureiro', 71, 'SC'),
(142, 'Boa Vista', 71, 'SC'),
(143, 'Vila Itoupava', 72, 'SC'),
(144, 'Hortênsias', 72, 'SC'),
(145, 'Pinheiros', 73, 'SP'),
(146, 'Vila Madalena', 73, 'SP'),
(147, 'Cambuí', 74, 'SP'),
(148, 'Barão Geraldo', 74, 'SP'),
(149, 'Vila Progresso', 75, 'SP'),
(150, 'Campolim', 75, 'SP'),
(151, 'Atalaia', 76, 'SE'),
(152, 'Salgado Filho', 76, 'SE'),
(153, 'Sede', 77, 'SE'),
(154, 'Marcos Freire II', 77, 'SE'),
(155, 'São Cristóvão', 78, 'SE'),
(156, 'João Alves Filho', 78, 'SE'),
(157, 'Taquaralto', 79, 'TO'),
(158, 'Bertaville', 79, 'TO'),
(159, 'Bairro da Cimba', 80, 'TO'),
(160, 'Barra da Grota', 80, 'TO'),
(161, 'Jardim Eldorado', 81, 'TO'),
(162, 'Jardim das Bandeiras', 81, 'TO');

INSERT INTO compradores (cdComprador,nmComprador,nmEnderecoComprador,nrCpfComprador,telComprador,sgEstado,cdCidade,cdBairro)
VALUES (1,'Nathan Leandro Carvalho','Rua José de Alencar, 123', 02763090818, 19985037873, 'SP', 74, 148),
(2,'Vinicius Thiago Caleb da Silva','Avenida Getúlio Vargas,123',85925689860, 68996867157, 'AC', 1, 1),
(3,'Guilherme Miguel da Conceição','Rua do Bom Jesus, 45',98718124852, 81991501750, 'PE', 50, 100),
(4,'Tiago Hugo Pietro Moreira','Avenida Nossa Senhora de Copacabana, 123', 67539578718, 21997343641, 'RJ', 55, 109),
(5, 'Joaquim Bryan da Rosa', 'R. 36 Sul, lote 16',  60102657114, 61981816186, 'DF', 19, 38),
(6, 'Kauê Eduardo Carvalho', 'R. Dr. Phidias de Barros Monteiro, 32',  85024258894, 11997743968, 'SP', 73, 145),
(7, 'Miguel Thomas Fábio Nogueira', 'Av. Afonso Pena, 2702',  50973292601, 31999746516, 'MG', 37, 73),
(8, 'Vitor Hugo Barros', 'Avenida Antônio Rodrigues, 222',  04579405064, 63357132521, 'TO', 81 , 162 ),
(9, 'Carlos Eduardo Joaquim Almada', 'Avenida Doutor José Milton Machado, 65',  79169568103, 79352388560, 'SE', 78 , 155 ),
(10, 'César Calebe Baptista', '	Avenida Gouveia, 12',  61996472038, 95992544314, 'BA', 13 , 25 );

INSERT INTO vendedor (cdVendedor, nmVendedor, nmEndereco, nrCpf, dataNasc, telefone, sgEstado, cdCidade, cdBairro)
VALUES (1,'Ian Renato Bernardo Dias','Avenida Afonso Pena, 120', 49025950957, '1957-08-19', 48364985043, 'AC', 2, 4),
(2,'Adriana Simone Lopes','Avenida Eniraldo de Oliveira Almeida, 110', 18614378971, '2004-05-24', 47369437758, 'AL', 5, 9),
(3,'Helena Olivia Elisa Fernandes','Avenida Ana Nery, 581', 40025618954, '1979-04-06', 11985037873, 'AP', 7, 14),
(4,'Catarina Pietra da Rocha','R. Gomes de Castro, 685', 49205825956, '1990-04-01', 12985037873, 'AM', 11, 22),
(5,'Carlos Eduardo Davi das Neves','Avenida Antônio Justa, 3529', 88608799901, '1979-04-23', 12785037873, 'CE', 16, 31),
(6, 'Nelson Carlos Eduardo Peixoto', 'R. Paulo Sabino - Plano Diretor Sul, 3',  45419413175, '1971-09-06', 63995698549, 'TO', 79, 158),
(7, 'Vicente Henrique Drumond', 'R. Auta Leite, 504',  50461971461, '2000-04-06', 83988936983, 'PB', 44, 87),
(8, 'Sônia Sandra Louise Assis', 'R. Constante Sodré, 335',  44655257709, '1976-07-20', 27989266231, 'ES', 23, 45),
(9, 'Thiago Noah Peixoto', 'Largo João Amorim de Albuquerque, 1',  62390988091, '1985-02-03', 51988118370, 'RS', 61, 121),
(10, 'Osvaldo Martin Dias', 'R. Jane Pádua Lopes, 986',  81953945317, '1962-08-20', 86998325133, 'PI', 52, 103),
(11,'Luan Kevin Jorge Barros','Avenida Atlântica, 1700', 93207332790, '1973-09-18', 21982030782, 'RJ', 55,109),
(12,'Heitor Renan Dias','Rua das Bandeiras, 10',31115959786, '1981-01-17', 63982799762, 'TO', 81, 162),
(13,'Lívia Pietra Kamilly Barbosa','Avenida Teotônio Segurado, 1500', 63996934511,'1981-01-09', 31747439150,'TO', 81, 161),
(14,'Liz Mirella Sueli Moreira','Praça Pedro Arcanjo, 20', 75040802501,'1992-01-26',75992795646, 'BA', 13,25),
(15,'Vitor Anderson Pereira','Rua Alagoas, 200',99553093507,'1992-05-17', 71993079719, 'MG', 39,78);

INSERT INTO oferta (cdOferta, vlOferta, dtOferta, cdImovel, cdComprador) 
VALUES (1, 730000, '2024-09-01', 55, 1), 
(2, 232000, '2024-09-18', 62, 1), 
(3, 333000, '2024-09-05', 68, 1), 
(4, 546000, '2024-01-01', 77, 1), 
(5, 248000, '2023-03-05', 72, 1), 
(6, 70100, '2024-10-23', 79, 2), 
(7, 185600, '2024-03-13', 80, 2), 
(8, 38910, '2024-09-19', 82, 2), 
(9, 1801000, '2024-07-12', 83, 2), 
(10, 1781000, '2024-09-19', 85, 2), 
(11, 653000, '2024-09-22', 86, 3), 
(12, 142000, '2022-09-18', 88, 3), 
(13, 151000, '2024-07-30', 90, 3), 
(14, 801000, '2024-07-27', 92, 3), 
(15, 3960000, '2024-07-22', 94, 3), 
(16, 510000.00, '2024-06-19', 96, 4), 
(17, 1750000.00, '2024-03-14', 98, 4), 
(18, 180000.00, '2024-09-22', 100, 4), 
(19, 430000.00, '2019-12-09', 102, 4), 
(20, 255000.00, '2023-12-19', 104, 4), 
(21, 220287.00, '2022-09-24', 105, 5), 
(22, 385000.00, '2022-09-26', 106, 5), 
(23, 730000.00, '2024-06-17', 107, 5), 
(24, 530000.00, '2024-08-11', 108, 5), 
(25, 100000.00, '2023-06-05', 110, 5), 
(26, 735000.00, '2024-09-18', 111, 6), 
(27, 115000.00, '2023-06-08', 110, 6), 
(28, 585000.00, '2024-08-08', 112, 6), 
(29, 635000.00, '2023-09-21', 113, 6), 
(30, 225000.00, '2023-07-29', 114, 6), 
(31, 176000.00, '2024-01-22', 115, 7), 
(32, 1163000.00, '2024-09-22', 116, 7),
(33, 125000.00, '2023-02-09', 117, 7), 
(34, 255000.00, '2024-09-20', 118, 7), 
(35, 750000.00, '2024-09-20', 111, 7), 
(36, 2490000.00, '2023-08-13', 121, 8), 
(37, 173000.00, '2023-12-06', 122, 8), 
(38, 725000.00, '2024-09-09', 55, 8), 
(39, 640000.00, '2024-09-27', 86, 8), 
(40, 240000.00, '2023-08-01', 114, 8), 
(41, 235000.00, '2022-09-27', 105, 9), 
(42, 380000.00, '2022-09-30', 106, 9), 
(43, 510000.00, '2024-06-27', 96, 9), 
(44, 240000.00, '2024-09-19', 118, 9), 
(45, 120000.00, '2023-07-11', 110, 9), 
(46, 580000.00, '2024-09-11', 112, 10), 
(47, 400000.00, '2019-12-21', 102, 10), 
(48, 3900000.00, '2024-07-24', 94, 10), 
(49, 1000000.00, '2024-05-11', 133, 10), 
(50, 610000.00, '2024-09-19', 135, 10);

SELECT *
FROM imovel;

ALTER TABLE imovel
MODIFY stVendido BOOLEAN NOT NULL;

INSERT INTO imovel (cdImovel, nmEndereco, nrAreaUtil, nrAreaTotal, vlPreco, stVendido,dtLancto, cdOferta,cdVendedor, cdCidade, cdBairro, sgEstado)
VALUES (1, 'Rua Manoel Rodrigues de Souza, 81', 672, 700, 450000.00,FALSE, '2023-08-10', NULL, 10, 1, 1, 'AC'), 
(2, 'Rua Floriano Peixoto, 389', 60, 230, 4000000.00,FALSE, '2023-10-04', NULL, 7, 1, 1, 'AC'), 
(3, 'Raimundo Melo, 87', 56, 70, 350000.00,FALSE, '2024-09-22', NULL, 8, 2, 3, 'AC'), 
(4, 'Estrada do Calafate, 4', 1086, 1086, 600000.00,FALSE, '2024-08-20', NULL, 13, 2, 4, 'AC'), 
(5, 'Rua Luiz Pires, 303', 120, 150, 225000.00,FALSE, '2024-03-06', NULL, 4, 3, 5, 'AC'), 
(6, 'Rua Almirante Jaceguais, 70', 450, 500, 150000.00,FALSE, '2024-09-05', NULL, 11, 3, 6, 'AC'), 
(7, 'Avenida Professor Victal Barbosa, 1136', 120, 150, 680000.00,FALSE, '2024-07-29', NULL, 15, 4, 7, 'AL'), 
(8, 'Rua Jangadeiros Alagoanos, 559', 86, 110, 518000.00,FALSE, '2024-07-20', NULL, 1, 4, 8, 'AL'), 
(9, 'Rua Professora Maria Ana Galindo, 75', 100, 125, 20000000.00,FALSE, '2023-09-22', NULL, 6, 5, 9, 'AL'), 
(10, 'Rua da Alegria, 74', 180, 210, 230000.00,FALSE, '2023-06-15', NULL, 3, 5, 10, 'AL'), 
(11, 'Rua Professor José Paulino, 105', 285, 300, 440000.00,FALSE, '2024-08-24', NULL, 7, 6, 11, 'AL'), 
(12, 'Rua Governador Carlos Lacerda, 118', 96, 120, 380000.00,FALSE, '2024-07-14', NULL, 12, 6, 12, 'AL'), 
(13, 'Canal das Pedrinhas, 104', 64, 80, 340000.00,FALSE, '2024-08-13', NULL, 9, 7, 13, 'AP'), 
(14, 'Rodovia Josmar Chaves Pinto, 3200', 150, 200, 310000.00,FALSE, '2024-07-19', NULL, 5, 7, 14, 'AP'), 
(15, 'Rodovia Josmar Chaves Pinto, 407', 86, 115, 260000.00,FALSE, '2024-08-20', NULL, 13, 8, 15, 'AP'), 
(16, 'Avenida Décima Sétima, 1170', 155, 200, 260000.00,FALSE, '2023-11-10', NULL, 8, 8, 16, 'AP'), 
(17, 'Rua dos Papaguaios, 277', 110, 155, 320000.00,FALSE, '2024-08-08', NULL, 7, 9, 17, 'AP'), 
(18, 'Rodovia Josmar Chaves Pinto, 3200', 250, 280, 200000.00,FALSE, '2023-02-27', NULL, 6, 9, 18, 'AP'), 
(19, 'Avenida Presidente Kennedy, 78', 200, 255, 300000.00,FALSE, '2024-06-13', NULL, 14, 10, 19, 'AM'), 
(20, 'AV MÁRIO YPIRANGA, 1000', 38, 40, 215000.00,FALSE, '2023-07-25', NULL, 10, 10, 20, 'AM'), 
(21, 'Rua Júlio Verne, 121', 86, 100, 270000.00,FALSE, '2024-07-16', NULL, 11, 11, 21, 'AM'), 
(22, 'Avenida Solimões, 564', 160, 165, 350000.00,FALSE, '2024-08-16', NULL, 12, 11, 22, 'AM'), 
(23, 'Rua Almir Pedreiras, 177', 296, 340, 300000.00,FALSE, '2024-09-12', NULL, 13, 12, 23, 'AM'), 
(24, 'Rua Belém, 544', 35, 50, 160000.00,FALSE, '2024-06-05', NULL, 14, 13, 24, 'AM'), 
(25, 'Rua Ruy Barbosa, 15', 34, 55, 99000.00,FALSE, '2024-09-03', NULL, 15, 13, 25, 'BA'), 
(26, 'Avenida Anita Garibaldi, 28', 60, 80, 84000.00,FALSE, '2024-09-20', NULL, 1, 14, 26, 'BA'), 
(27, 'Rua Domingos Barbosa de Araújo, 36', 357, 380, 220000.00, FALSE, '2019-09-09', NULL, 2, 14, 27, 'BA'),
(28, 'Rua Angüera, 789', 138, 155, 125000.00,FALSE, '2024-08-16', NULL, 3, 15, 28, 'BA'), 
(29, 'Rua Porto Seguro, 14', 180, 210, 70000.00,FALSE, '2024-05-05', NULL, 4, 15, 29, 'BA'), 
(30, 'Rua da Corrente, 2', 50, 75, 200000.00,FALSE, '2024-05-17', NULL, 5, 16, 30, 'BA'), 
(31, 'Rua Tibúrcio Cavalcanti, 970', 86, 105, 345000.00,FALSE, '2024-09-20', NULL, 6, 17, 31, 'CE'), 
(32, 'Rua Marcos Macêdo, 116', 95, 115, 610000.00,FALSE, '2024-09-19', NULL, 7, 17, 32, 'CE'), 
(33, 'Avenida dos Coqueiros, 3800', 240, 274, 1650000.00, FALSE, '2024-08-28', NULL, 8, 18, 33, 'CE'),
(34, 'Rua Cumbuco, 1905', 103, 130, 160000.00,FALSE, '2024-09-18', NULL, 9, 18, 34, 'CE'), 
(35, 'Rua Cumbuco, 1905', 103, 155, 160000.00,FALSE, '2024-09-08', NULL, 10, 19, 35, 'CE'), 
(36, 'Rua Cumbuco, 2525', 100, 135, 198000.00,FALSE, '2024-07-14', NULL, 11, 19, 36, 'CE'), 
(37, 'Quadra 3 Conjunto 2', 800, 900, 1550000.00,FALSE, '2023-09-20', NULL, 12, 20, 37, 'DF'), 
(38, 'Avenida Jequitibá, 885', 230, 265, 550000.00,FALSE, '2021-04-09', NULL, 13, 20, 38, 'DF'), 
(39, 'Setor SAGOCA, 7', 48, 65, 299000.00,FALSE, '2024-09-18', NULL, 14, 21, 39, 'DF'),
(40, 'QSF 13, 316', 200, 230, 350000.00,FALSE, '2024-09-19', NULL, 15, 21, 40, 'DF'), 
(41, 'CSA 1', 73, 95, 232000.00,FALSE, '2024-09-19', NULL, 1, 22, 41, 'DF'), 
(42, 'QNO 16 Conjunto 32, 1', 150, 175, 98900.00,FALSE, '2024-09-12', NULL, 2, 22, 42, 'DF'), 
(43, 'Rua Aleixo Netto, 807', 167, 189, 2449000.00,FALSE, '2024-09-19', NULL, 3, 23, 43, 'ES'), 
(44, 'Praça Anníbal Anthero Martins, 14', 100, 135, 280000.00,FALSE, '2024-07-19', NULL, 4, 23, 44, 'ES'), 
(45, 'Rua Misael Pedreira da Silva, 98', 32, 55, 119000.00,FALSE, '2023-05-24', NULL, 5, 24, 45, 'ES'), 
(46, 'Avenida Nossa Senhora da Penha, 1495', 33, 45, 185000.00,FALSE, '2019-12-29', NULL, 6, 24, 46, 'ES'),
(47,'Rua Lauro Cunha Freire, 24',57,85,330000.00,FALSE,'2024-06-19',NULL,7,25,47,'ES'),
(48,'Rua Wilson de Oliveira Guimarães, 78',135,175,200000.00, FALSE,'2024-09-20',NULL,8,25,48,'ES'),
(49,'Rua Samuel Morse, 1',100,135,999990.00,FALSE,'2023-03-24',NULL,9,26,49,'GO'),
(50,'Rua 52, 377 ',86,100,680000.00,FALSE,'2024-01-03',NULL,10,26,50,'GO'),
(51,'Rua Castorina Bittencourt Alves, 351',150,185,1400000.00,FALSE,'2014-05-1',NULL,11,27,51,'GO'),
(52,'Rua C38, 150 ',70,100,450000.00,FALSE,'2024-02-15',NULL,12,27,52,'GO'),
(53,'Rua C38, 1',70,95,450000.00,FALSE,'2024-02-22',NULL,13,28,53,'GO'),
(54,'Avenida Independência, 54',120,145,330000.00,FALSE,'2024-06-26',NULL,14,28,54,'GO'),
(55, 'Rua Coronel Eurípides Bezerra', 150, 200, 730000.00,FALSE, '2024-08-30', NULL, 10, 28, 55, 'MA'),
(56, 'Travessa da Ceramica, 68', 150, 150, 150000.00,FALSE, '2024-06-05', NULL, 12, 28, 56, 'MA'),
(57, 'Avenida Casemiro Júnior, 221', 52, 52, 180000.00,FALSE, '2024-09-07', NULL, 13, 29, 57, 'MA'),
(58, 'Rua O, 4, Cohatrac I', 230, 230, 399000.00,FALSE, '2024-09-19', NULL, 6, 29, 58, 'MA'),
(59, 'Avenida dos Holandeses, 2', 450, 450, 1390000.00,FALSE, '2024-09-18', NULL, 6, 30, 59, 'MA'),
(60, 'Rua Daniel de La Touche, 14', 82, 82, 540000.00,FALSE, '2024-08-27', NULL, 12, 30, 60, 'MA'),
(61, 'Rua Leônides de Carvalho', 91, 91, 350000,FALSE, '2024-08-31', NULL, 4, 31, 61, 'MT'),
(62, 'Av. das Torres', 185, 250, 1100000.00,FALSE, '2024-07-01', NULL, 15, 31, 62, 'MT'),
(63, 'Rua Congonhas, Jardim Aeroporto', 84, 84, 450000.00,FALSE, '2024-02-05', NULL, 3, 32, 63, 'MT'),
(64, 'Rua Rio Grande do Sul, 592', 280, 280, 590000.00,FALSE, '2021-04-05', NULL, 3, 32, 64, 'MT'),
(65, 'Rua Santo Antônio, Parque Residencial Andre Maggi', 115, 115, 230000.00,FALSE, '2024-08-16', NULL, 10, 33, 65, 'MT'),
(66, 'R. Shelma Lombardi Kato, 137', 126, 180, 609070.00,FALSE, '2024-06-20', NULL, 4, 33, 66, 'MT'),
(67, 'Rua José Mariano, 93', 253, 253, 1500000.00,FALSE, '2021-11-27', NULL, 15, 34, 67, 'MS'),
(68, 'Rua Lago Balaton, 43', 59, 59, 330000.00,FALSE, '2024-09-03', NULL, 11, 34, 68, 'MS'),
(69, 'Rua Adroaldo Pizzini, 1370', 214, 214, 320000.00,FALSE, '2024-06-29', NULL, 8, 35, 69, 'MS'),
(70, 'Rua Ivanise Santos Silva, 40', 45, 45, 185000.00,FALSE, '2024-09-16', NULL, 9, 35, 70, 'MS'),
(71, 'Rua Córrego São Mateus, 1, Residencial Costa Leste', 288, 288, 123000.00,FALSE, '2024-08-16', NULL, 11, 36, 71, 'MS'),
(72, 'Rua Manoel Joaquim de Moraes, 4605', 85, 85, 245000.00,FALSE, '2022-03-07', NULL, 8, 36, 72, 'MS'),
(73, 'Rua Tomé de Souza', 118, 118, 2250000.00,FALSE, '2023-10-27', NULL, 15, 37, 73, 'MG'),
(74, 'Rua Engenheiro Walter Kurrle, 15', 216, 216, 3100000.00,FALSE, '2022-12-14', NULL, 11, 37, 74, 'MG'),
(75, 'Rua Martim de Carvalho, 672', 64, 64, 1075000.00,FALSE, '2021-05-04', NULL, 15, 38, 75, 'MG'),
(76, 'Rua Doutor Jair Vieira da Mota', 119, 294, 260000.00,FALSE, '2024-06-24', NULL, 14, 38, 76, 'MG'),
(77, 'Rua dos Buritis, 167', 114, 114, 545000.00,FALSE, '2023-11-08', NULL, 8, 39, 77, 'MG'),
(78, 'Rua Deputado Bernardino de Sena Figueiredo', 257, 257, 1850000.00,FALSE, '2024-09-17', NULL, 15, 39, 78, 'MG'),
(79, 'Rua Caetano Rufino, 70', 190, 190, 70000.00,FALSE, '2024-09-19', NULL, 6, 40, 79, 'PA'),
(80, 'Rua Santa Luzia, 692', 126, 126, 180000.00,FALSE, '2024-02-29', NULL, 3, 40, 80, 'PA'),
(81, 'Travessa WE-12-A', 100, 100, 150000.00,FALSE, '2024-09-19', NULL, 4, 41, 81, 'PA'),
(82, 'Avenida Zacarias de Assunção, 4578', 130, 130, 38000.00,FALSE, '2024-09-15', NULL, 6, 41, 82, 'PA'),
(83, 'Travessa Tupinambás, 123', 247, 247, 1750000.00,FALSE, '2024-06-30', NULL, 13, 42, 83, 'PA'),
(84, 'Avenida Hélio Amanajás, 58', 62, 62, 50000.00,FALSE, '2024-01-04', NULL, 3, 42, 84, 'PA'),
(85, 'Rua Monsenhor Walfredo Leal, 100', 90, 94, 279250.00,FALSE, '2024-09-16', NULL, 7, 43, 85, 'PB'),
(86, 'Rua José Simões de Araújo, 841', 115, 115, 650000.00,FALSE, '2024-09-21', NULL, 5, 43, 86, 'PB'),
(87, 'Rua Cônego Pequeno, 490', 87, 87, 472000.00,FALSE, '2023-07-14', NULL, 10, 44, 87, 'PB'),
(88, 'Rua Tiradentes, 10', 80, 80, 140000.00,FALSE, '2022-08-15', NULL, 5, 44, 88, 'PB'),
(89, 'Rua Pedro Saraiva Moura, 853', 80, 108, 57000.00,FALSE, '2024-04-14', NULL, 14, 45, 89, 'PB'),
(90, 'Avenida João Pessoa 102', 75, 150, 150000.00,FALSE, '2024-07-29', NULL, 7, 45, 90, 'PB'),
(91, 'Rua Coronel Dulcídio, 625', 103, 103, 895000.00,FALSE, '2024-03-21', NULL, 9, 46, 91, 'PR'),
(92, 'Rua José Zaramella, 527', 155, 155, 800000.00,FALSE, '2024-07-25', NULL, 9, 46, 92, 'PR'),
(93, 'Rua Izolírio Corrêa de Oliveira, 30', 46, 46, 110000.00,FALSE, '2024-02-29', NULL, 15, 47, 93, 'PR'),
(94, 'Rua Carijós', 182, 275, 3950000.00,FALSE, '2024-07-17', NULL, 11, 47, 94, 'PR'),
(95, 'Avenida Paissandu, 493', 580, 580, 1700000.00,FALSE, '2024-08-14', NULL, 15, 48, 95, 'PR'),
(96, 'Rua Ernesto Mariucci, 745', 65, 65, 520000.00,FALSE, '2024-06-14', NULL, 9, 48, 96, 'PR'),
(97, 'Rua Doutor Pedro de Mello Cahu, 22', 162, 162, 1850000.00,FALSE, '2024-08-28', NULL, 7, 49, 97, 'PE'),
(98, 'R. da Moeda, 88', 988, 988, 1800000.00,FALSE, '2024-03-11', NULL, 2, 49, 98, 'PE'),
(99, 'Avenida Doutor José Augusto Moreira', 96, 96, 450000.00,FALSE, '2024-08-08', NULL, 14, 50, 99, 'PE'),
(100, 'Avenida Vasco Rodrigues', 45, 44, 195000.00,FALSE, '2024-09-19', NULL, 5, 50, 100, 'PE'),
(101, 'Rua Antônio Ferreira Campos, 4368', 250, 250, 1295000.00,FALSE, '2024-05-22', NULL, 2, 51, 101, 'PE'),
(102, 'Rua Inácio de Souza Morais', 56, 56, 440000.00,FALSE, '2019-12-04', NULL, 7, 51, 102, 'PE'),
(103, 'Avenida Nossa Senhora de Fátima, 2222', 97, 97, 500052.00,FALSE, '2024-09-17', NULL, 6, 52, 103, 'PI'),
(104, 'Rua Polidoro Burlamaqui', 300, 130, 260000.00,FALSE, '2023-12-16', NULL, 5, 52, 104, 'PI'),
(105, 'Avenida Padre Raimundo José Vieira', 100, 60, 244287.00,FALSE, '2022-09-22', NULL, 12, 53, 105, 'PI'),
(106, 'R. Projetada 196', 129, 129, 400000.00,FALSE, '2023-01-10', NULL, 14, 53, 106, 'PI'),
(107, 'Rua Sete de Setembro, 1596', 224, 189, 750000.00,FALSE, '2024-06-17', NULL, 5, 54, 107, 'PI'),
(108, 'Rua Acésio do Rêgo Monteiro, 10', 80, 80, 550000.00,FALSE, '2024-08-10', NULL, 13, 54, 108, 'PI'),
(109,'Rua Professor Gastão Bahiana, 100', 65, 65, 980000.00,FALSE, '2024-09-20', NULL, 11, 55, 109, 'RJ'),
(110,'Rua Barão da Torre, 32A', 120, 120, 125000.00,FALSE, '2023-06-02', NULL, 11, 55, 110, 'RJ'),
(111,'Rua Cinco de Julho, 220', 95, 95, 750000.00,FALSE, '2024-09-13', NULL, 11, 56, 111, 'RJ'),
(112,'Rua Toni Moraes, 310', 190, 190, 600000.00,FALSE, '2024-08-06', NULL, 11, 56, 112, 'RJ'),
(113,'Rua Olinto Guedes, 80', 360, 360, 652000.00,FALSE, '2023-09-17', NULL, 11, 57, 113, 'RJ'),
(114,'Rua Doutor Alberto Torres, 550', 25, 25, 250000.00,FALSE, '2023-07-27', NULL, 9, 57, 114, 'RJ'),
(115,'Rua Augusto Severo Neto', 55, 55, 185000.00,FALSE, '2024-01-21', NULL, 9, 58, 115, 'RN'),
(116,'Rua Astor Rohsig, 99', 220, 220, 1166000.00,FALSE, '2024-09-19', NULL, 9, 58, 116, 'RN'),
(117,'Rua Abolição, 791', 211, 211, 130000.00,FALSE, '2023-02-06', NULL, 9, 59, 117, 'RN'),
(118,'Rua Timbaúba, 58', 114, 114, 259999.00,FALSE, '2024-09-17', NULL, 9, 59, 118, 'RN'),
(119,'Rua Macaúba', 250, 250, 175000.00,FALSE, '2023-12-04', NULL, 9, 60, 119, 'RN'),
(120,'Rua Missionário Gunnar Vingren, 1904', 58, 58, 790000.00,FALSE, '2023-09-20', NULL, 9, 60, 120, 'RN'),
(121,'Rua General Portinho, 229', 639, 639, 2500000.00,FALSE, '2023-08-11', NULL, 9, 61, 121, 'RS'),
(122,'Rua Macaúba', 250, 250, 175000.00,FALSE, '2023-12-04', NULL, 9, 61, 122, 'RS'),
(123,'Rua Osmindo Júlio Kuhn, 555', 45, 45, 215000.00,FALSE, '2024-02-16', NULL, 9, 62, 123, 'RS'),
(124,'Avenida Ângelo Corsetti, 1130', 61, 61, 251000.00,FALSE, '2024-05-18', NULL, 9, 62, 124, 'RS'),
(125,'Rua Alexandre Mendonça, 906', 93, 93, 270000.00,FALSE, '2023-09-19', NULL, 9, 63, 125, 'RS'),
(126,'Rua Ronaldo de Carvalho, 79', 203, 203, 250000.00,FALSE, '2023-09-10', NULL, 9, 63, 126, 'RS'),
(127,'Rua Pica-Paus, 375', 120, 120, 2500000.00,FALSE, '2024-08-02', NULL, 10, 64, 127, 'RO'),
(128,'Rua Abunã, 3312', 320, 320, 320000.00,FALSE, '2023-02-13', NULL, 10, 64, 128, 'RO'),
(129,'Rua Toledo, 949', 104, 104, 600000.00,FALSE, '2024-09-11', NULL, 10, 65, 129, 'RO'),
(130,'Rua Terezina, 13', 548, 548, 380000.00,FALSE, '2024-08-16', NULL, 10, 65, 130, 'RO'),
(131,'Rua Monte Negro, 2200', 100, 100, 130000.00,FALSE, '2023-08-20', NULL, 10, 66, 131, 'RO'),
(132,'Avenida São Paulo, 2180', 76, 172, 280000.00,FALSE, '2023-09-10', NULL, 10, 66, 132, 'RO'),
(133,'Rua Dom Pedro I, 232', 105, 105, 1100000.00,FALSE, '2024-05-08', NULL, 7, 67, 133, 'RR'),
(134,'Rua Boa Vista, 51', 199, 260, 600000.00,FALSE, '2024-09-04', NULL, 7, 67, 134, 'RR'),
(135,'Avenida Nossa Senhora da Consolata, 133', 180, 180, 650000.00,FALSE, '2024-09-18', NULL, 7, 68, 135, 'RR'),
(136,'Rua Chico Lira, 33', 250, 250, 1020000.00,FALSE, '2023-06-22', NULL, 7, 68, 136, 'RR'),
(137,'Rua Francisco Sales Vieira, 246', 60, 60, 130000.00,FALSE, '2024-07-03', NULL, 7, 69, 137, 'RR'),
(138,'Avenida Doutor Zanny, 1825', 145, 145, 1500000.00,FALSE, '2023-12-18', NULL, 7, 69, 138, 'RR'),
(139,'Rua Professor Renato Barbosa', 263, 225, 3288888.00,FALSE, '2024-09-19', NULL, 8, 70, 139, 'SC'),
(140,'Laurindo Januário da Silveira, 947', 220, 241, 1300000.00,FALSE, '2023-11-05', NULL, 8, 70, 140, 'SC'),
(141,'Rua Oscar Fischer, 100', 56, 56, 323360.00,FALSE, '2024-09-20', NULL, 8, 71, 141, 'SC'),
(142,'Rua Albano Schmidt, 861', 340, 340, 399000.00,FALSE, '2023-09-12', NULL, 8, 71, 142, 'SC'),
(143,'Rua Adolfo Krause, 77', 188, 188, 430000.00,FALSE, '2024-07-02', NULL, 8, 72, 143, 'SC'),
(144,'Rua das Hortências, 1015', 131, 131, 525000.00,FALSE, '2024-09-01', NULL, 8, 72, 144, 'SC'),
(145,'Rua Arruda Alvim, 94', 88, 88, 1171000.00,FALSE, '2024-09-19', NULL, 15, 73, 145, 'SP'),
(146,'Rua Araioses, 201', 398, 398, 8119007.00,FALSE, '2024-05-05', NULL, 15, 73, 146, 'SP'),
(147,'Rua Doutor Liráucio Gomes, 230', 70, 70, 850000.00,FALSE, '2024-09-17', NULL, 11, 74, 147, 'SP'),
(148,'Rua Engenheiro José Alexandrino Palazzo, 192', 456, 456, 399000.00,FALSE, '2024-09-20', NULL, 11, 74, 148, 'SP'),
(149,'Rua Afonso de Carvalho, 336', 88, 88, 489000.00,FALSE, '2024-06-23', NULL, 15, 75, 149, 'SP'),
(150, 'Rua Antonio Perez Hernande, 605', 366, 366, 525000.00,FALSE, '2024-09-19', NULL, 11, 75, 150, 'SP'),
(151, 'Rua José Leite Prado, 410', 300, 150, 1500000.00,FALSE, '2024-05-20', NULL, 10, 76, 151, 'SE'),
(152, 'Avenida Professor Acrísio Cruz, 147', 110, 110, 470157.00,FALSE, '2024-07-13', NULL, 6, 76, 152, 'SE'),
(153, 'Rua Vereador Wilian Santos, 1000', 80, 80, 270000.00,FALSE, '2023-12-15', NULL, 6, 77, 153, 'SE'),
(154, 'Rua A 26, 13', 200, 200, 250191.00,FALSE, '2024-09-18', NULL, 10, 77, 154, 'SE'),
(155, 'Rua Três, 5 - Rosa Maria', 140, 140, 220000.00,FALSE, '2024-08-17', NULL, 6, 78, 155, 'SE'),
(156, 'Rua Campo do Brito, 56', 200, 200, 160000.00,FALSE, '2024-09-19', NULL, 10, 78, 156, 'SE'),
(157, 'Avenida Taquarussu, 10', 66, 66, 1600000.00,FALSE, '2024-06-04', NULL, 13, 79, 157, 'TO'),
(158, 'Avenida Antônio Sampaio, 10', 75, 75, 230000.00,FALSE, '2024-08-10', NULL, 13, 79, 158, 'TO'),
(159, 'Rua dos Macucus, 148', 267, 267, 525000.00,FALSE, '2023-03-28', NULL, 6, 80, 159, 'TO'),
(160, 'Rua Deuserina Ayres, 261', 226, 226, 450000.00,FALSE, '2024-07-21', NULL, 6, 80, 160, 'TO'),
(161, 'Rua da Arruda, 24', 364, 364, 120000.00,FALSE, '2024-08-11', NULL, 13, 81, 161, 'TO'),
(162, 'Alameda Leste, 0', 65, 65, 525000.00,FALSE, '2023-10-16', NULL, 6, 81, 162, 'TO');

INSERT INTO faixaimovel (cdFaixa, nmFaixa, vlMinimo, vlMaximo)
VALUES (1, 'baixo',  0, 105000),
(2, 'médio',  105001, 180000),
(3, 'alto',  180001, 999999);

DROP DATABASE imoveis;